N;Place;A;B;C;P;Link
1;Обцарский;1,5;1;0,8;глина;Гуринов, 2017
2;Обцарский;7;3;1;доломит;Гуринов, 2017
3;Обцарский;4;2;0,7;доломит;Гуринов, 2017
4;Обцарский;4;2;1,5;доломит;Гуринов, 2017
5;Обцарский;7;4;0,5;доломит;Гуринов, 2017
6;Обцарский;3,5;2;1;доломит;Гуринов, 2017
7;Обцарский;7;4;3;доломит;Гуринов, 2017
8;Обцарский;8;5;2;доломит;Гуринов, 2017
9;Обцарский;8;7;5;доломит;Гуринов, 2017
10;Обцарский;8;4,5;0,5;доломит;Гуринов, 2017
11;Обцарский;14;0,7;0,3;известняк;Гуринов, 2017
12;Обцарский;4;1;0,3;известняк;Гуринов, 2017
13;Обцарский;4;1;0,5;известняк;Гуринов, 2017
14;Обцарский;2,5;1;0,5;известняк;Гуринов, 2017
15;Обцарский;3;1,5;1;известняк;Гуринов, 2017
16;Обцарский;3;1,5;1;известняк;Гуринов, 2017
17;Обцарский;6,5;3,5;1;известняк;Гуринов, 2017
18;Обцарский;4,5;2,5;1;известняк;Гуринов, 2017
19;Обцарский;2,5;1,5;0,5;известняк;Гуринов, 2017
20;Обцарский;8;5;3;известняк;Гуринов, 2017
21;Обцарский;3;2;0,3;известняк;Гуринов, 2017
22;Обцарский;3,5;2,5;1;известняк;Гуринов, 2017
23;Обцарский;7;5;3;известняк;Гуринов, 2017
24;Обцарский;5;4;3;известняк;Гуринов, 2017
25;Обцарский;3;2,5;1;известняк;Гуринов, 2017
26;Обцарский;3,5;2;1,5;кварцит;Гуринов, 2017
27;Обцарский;2,5;2;2;кварцит;Гуринов, 2017
28;Обцарский;6;5;1;кварцит;Гуринов, 2017
29;Обцарский;3;3;2;кварцит;Гуринов, 2017
30;Обцарский;12;3,5;2;кремень;Гуринов, 2017
31;Обцарский;6,5;2;1,5;кремень;Гуринов, 2017
32;Обцарский;4;1,5;1;кремень;Гуринов, 2017
33;Обцарский;5;2;1,5;кремень;Гуринов, 2017
34;Обцарский;4;2;0,3;кремень;Гуринов, 2017
35;Обцарский;4;2;0,7;кремень;Гуринов, 2017
36;Обцарский;6,5;3,5;1,5;кремень;Гуринов, 2017
37;Обцарский;5,5;3;2,5;кремень;Гуринов, 2017
38;Обцарский;4,5;2,5;1;кремень;Гуринов, 2017
39;Обцарский;3,5;2;0,3;кремень;Гуринов, 2017
40;Обцарский;3,5;2;1,5;кремень;Гуринов, 2017
41;Обцарский;3;2;0,5;кремень;Гуринов, 2017
42;Обцарский;3;2;1,5;кремень;Гуринов, 2017
43;Обцарский;7;5;2;кремень;Гуринов, 2017
44;Обцарский;4;3;0,5;кремень;Гуринов, 2017
45;Обцарский;7;1;0,6;мергель;Гуринов, 2017
46;Обцарский;9;1,5;1;мергель;Гуринов, 2017
47;Обцарский;4;1;0,5;мергель;Гуринов, 2017
48;Обцарский;5;1,5;0,5;мергель;Гуринов, 2017
49;Обцарский;5;1,5;1;мергель;Гуринов, 2017
50;Обцарский;4;1,5;1;мергель;Гуринов, 2017
51;Обцарский;9;3,5;1,5;мергель;Гуринов, 2017
52;Обцарский;2,5;1;1;мергель;Гуринов, 2017
53;Обцарский;9,5;4;2;мергель;Гуринов, 2017
54;Обцарский;7;3;0,5;мергель;Гуринов, 2017
55;Обцарский;8;3,5;0,7;мергель;Гуринов, 2017
56;Обцарский;4,5;2;0,5;мергель;Гуринов, 2017
57;Обцарский;10;4,5;2;мергель;Гуринов, 2017
58;Обцарский;3;1,5;0,4;мергель;Гуринов, 2017
59;Обцарский;4;2;0,8;мергель;Гуринов, 2017
60;Обцарский;6;3;1,5;мергель;Гуринов, 2017
61;Обцарский;6;3;2;мергель;Гуринов, 2017
62;Обцарский;6;3;2;мергель;Гуринов, 2017
63;Обцарский;4;2;1,5;мергель;Гуринов, 2017
64;Обцарский;7;4;0,5;мергель;Гуринов, 2017
65;Обцарский;7;4;2;мергель;Гуринов, 2017
66;Обцарский;3,5;2;1;мергель;Гуринов, 2017
67;Обцарский;5;3;0,5;мергель;Гуринов, 2017
68;Обцарский;5;3;1;мергель;Гуринов, 2017
69;Обцарский;5;3;1,5;мергель;Гуринов, 2017
70;Обцарский;5;3;2;мергель;Гуринов, 2017
71;Обцарский;4;2,5;0,8;мергель;Гуринов, 2017
72;Обцарский;4;2,5;1,5;мергель;Гуринов, 2017
73;Обцарский;8;5;3;мергель;Гуринов, 2017
74;Обцарский;3;2;0,3;мергель;Гуринов, 2017
75;Обцарский;3;2;0,4;мергель;Гуринов, 2017
76;Обцарский;3;2;0,5;мергель;Гуринов, 2017
77;Обцарский;3;2;1;мергель;Гуринов, 2017
78;Обцарский;6,5;4,5;1;мергель;Гуринов, 2017
79;Обцарский;3,5;2,5;0,5;мергель;Гуринов, 2017
80;Обцарский;4;3;1;мергель;Гуринов, 2017
81;Обцарский;4;3;1,5;мергель;Гуринов, 2017
82;Обцарский;2;1,5;1,5;мергель;Гуринов, 2017
83;Обцарский;2,5;2;1;мергель;Гуринов, 2017
84;Обцарский;3;2,5;0,5;мергель;Гуринов, 2017
85;Обцарский;7;6;4;мергель;Гуринов, 2017
86;Обцарский;2;2;0,5;мергель;Гуринов, 2017
87;Обцарский;1;1;0,4;мергель;Гуринов, 2017
88;Обцарский;2;2;1;мергель;Гуринов, 2017
89;Обцарский;7;4;3;основная гп;Гуринов, 2017
90;Обцарский;12;5;2,5;песчаник;Гуринов, 2017
91;Обцарский;4;3;1,5;песчаник;Гуринов, 2017
92;Обцарский;2;1,5;1;песчаник;Гуринов, 2017
93;Обцарский;6;5;2;песчаник;Гуринов, 2017
94;Обцарский;2,3;2;2;песчаник;Гуринов, 2017
95;Волчий;2,5;1,5;1;гранит;Гуринов, 2017
96;Волчий;1,5;1;0,5;гранит;Гуринов, 2017
97;Волчий;1,5;1;0,5;гранит;Гуринов, 2017
98;Волчий;4,5;4;3;гранит;Гуринов, 2017
99;Волчий;1,5;1;0,2;гранит;Гуринов, 2017
100;Волчий;3,2;1;1;гранит;Гуринов, 2017
101;Волчий;4;3,5;3;гранит;Гуринов, 2017
102;Волчий;6;3;3;гранит;Гуринов, 2017
103;Волчий;3;1,5;0,7;гранит;Гуринов, 2017
104;Волчий;2,5;2;0,7;гранит;Гуринов, 2017
105;Волчий;3;1,5;1;гранит;Гуринов, 2017
106;Волчий;4,5;1;1;доломит;Гуринов, 2017
107;Волчий;0,8;0,3;0,2;доломит;Гуринов, 2017
108;Волчий;2,5;1,8;0,2;доломит;Гуринов, 2017
109;Волчий;1,5;0,5;0,2;доломит;Гуринов, 2017
110;Волчий;2,5;1;0,5;известняк;Гуринов, 2017
111;Волчий;3;2;1;известняк;Гуринов, 2017
112;Волчий;2;1,5;1;известняк;Гуринов, 2017
113;Волчий;3;2;1,5;известняк;Гуринов, 2017
114;Волчий;1,4;1,2;0,2;известняк;Гуринов, 2017
115;Волчий;3;2,5;1,5;известняк;Гуринов, 2017
116;Волчий;1;0,7;0,5;известняк;Гуринов, 2017
117;Волчий;4,5;2;1,5;известняк;Гуринов, 2017
118;Волчий;5;4,5;3,5;известняк;Гуринов, 2017
119;Волчий;4;2,5;0,2;известняк;Гуринов, 2017
120;Волчий;6;3,5;2,5;известняк;Гуринов, 2017
121;Волчий;1;0,5;0,2;известняк;Гуринов, 2017
122;Волчий;2;1;0,5;известняк;Гуринов, 2017
123;Волчий;0,8;0,4;0,2;известняк;Гуринов, 2017
124;Волчий;0,9;0,3;0,1;кварц;Гуринов, 2017
125;Волчий;1,5;1;0,8;кварц;Гуринов, 2017
126;Волчий;3,5;2;0,1;кремень;Гуринов, 2017
127;Волчий;3;2;0,5;кремень;Гуринов, 2017
128;Волчий;1,5;1,2;0,3;кремень;Гуринов, 2017
129;Волчий;3;1,5;0,5;кремень;Гуринов, 2017
130;Волчий;2;1,5;0,5;кремень;Гуринов, 2017
131;Волчий;7;0,5;0,2;кремень;Гуринов, 2017
132;Волчий;3;2,5;1;кремень;Гуринов, 2017
133;Волчий;3;2,5;1;кремень;Гуринов, 2017
134;Волчий;2;1;0,5;кремень;Гуринов, 2017
135;Волчий;2;1;0,5;кремень;Гуринов, 2017
136;Волчий;4;2;1;кремень;Гуринов, 2017
137;Волчий;3,5;2;1;кремень;Гуринов, 2017
138;Волчий;1,5;1;0,5;кремень;Гуринов, 2017
139;Волчий;6;3,5;2;кремень;Гуринов, 2017
140;Волчий;1,8;0,8;0,5;кремень;Гуринов, 2017
141;Волчий;2,5;2;0,4;кремень;Гуринов, 2017
142;Волчий;3,5;2,5;1;кремень;Гуринов, 2017
143;Волчий;3;2,5;1;кремень;Гуринов, 2017
144;Волчий;1,5;1,2;0,5;кремень;Гуринов, 2017
145;Волчий;4,5;2;1;кремень;Гуринов, 2017
146;Волчий;1,5;1;0,5;кремень;Гуринов, 2017
147;Волчий;1;1;0,5;кремень;Гуринов, 2017
148;Волчий;2;1;0,9;кремень;Гуринов, 2017
149;Волчий;2;0,5;0,5;кремень;Гуринов, 2017
150;Волчий;2;1,5;0,2;кремень;Гуринов, 2017
151;Волчий;1,5;1;0,3;кремень;Гуринов, 2017
152;Волчий;3;2;1,5;кремень;Гуринов, 2017
153;Волчий;1,3;1;0,1;мергель;Гуринов, 2017
154;Волчий;1,4;1;0,4;мергель;Гуринов, 2017
155;Волчий;3;1,3;1;мергель;Гуринов, 2017
156;Волчий;2;1,5;0,3;мергель;Гуринов, 2017
157;Волчий;2;1;0,5;мергель;Гуринов, 2017
158;Волчий;2,5;1,5;1;мергель;Гуринов, 2017
159;Волчий;2;2;0,5;мергель;Гуринов, 2017
160;Волчий;2,5;2;0,8;песчаник;Гуринов, 2017
161;Волчий;2;1,5;0,7;песчаник;Гуринов, 2017
162;Волчий;4;3;2;кварцит;Гуринов, 2017
163;Рыжк_клад;5,7;4;3;окремнелый известняк;Фузеина, 2018
164;Рыжк_клад;6,3;3,5;2;кремень;Фузеина, 2018
165;Рыжк_клад;5;3,8;3;гранит;Фузеина, 2018
166;Рыжк_клад;3,3;2,2;1,6;кремень;Фузеина, 2018
167;Рыжк_клад;6,2;1,6;1;окремнелый известняк;Фузеина, 2018
168;Рыжк_клад;3;1,6;1,6;кремень;Фузеина, 2018
169;Рыжк_клад;3,4;2,3;1;кварцит;Фузеина, 2018
170;Рыжк_клад;5,8;3,8;2;окремнелый известняк;Фузеина, 2018
171;Рыжк_клад;8,2;6,1;4,5;кремень;Фузеина, 2018
172;Рыжк_клад;3,4;2,4;1,5;кварцит;Фузеина, 2018
173;Рыжк_клад;6,7;4;2,5;кремень;Фузеина, 2018
174;Рыжк_клад;3,3;3,2;1;окремнелый известняк;Фузеина, 2018
175;Рыжк_клад;3;3;1,4;кварцит;Фузеина, 2018
176;Рыжк_клад;4,5;3,3;2;кремень;Фузеина, 2018
177;Рыжк_клад;6;3;0,7;окремнелый известняк;Фузеина, 2018
178;Рыжк_клад;3;3,4;1,7;кремень;Фузеина, 2018
179;Рыжк_клад;2,7;2,3;1,3;кварцит;Фузеина, 2018
180;Рыжк_клад;6;3;1,8;кремень;Фузеина, 2018
181;Рыжк_клад;5,1;4;1,3;доломит;Фузеина, 2018
182;Рыжк_клад;7,3;3;2;кремень;Фузеина, 2018
183;Рыжк_клад;4,1;2,8;1,4;кремень;Фузеина, 2018
184;Рыжк_клад;3,6;2,4;0,3;окремнелый известняк;Фузеина, 2018
185;Рыжк_клад;3,3;2,3;1,5;гранит;Фузеина, 2018
186;Рыжк_клад;4;2;1,7;окремнелый известняк;Фузеина, 2018
187;Рыжк_клад;3,5;2,3;1,3;кремень;Фузеина, 2018
188;Рыжк_клад;2,2;1,5;0,7;песчаник;Фузеина, 2018
189;Рыжк_клад;2,5;1,3;1;кремень;Фузеина, 2018
190;Рыжк_клад;4,7;2,8;0,8;окремнелый известняк;Фузеина, 2018
191;Рыжк_клад;4;2,1;1,8;окремнелый известняк;Фузеина, 2018
192;Рыжк_клад;4,1;3;0,9;кремень;Фузеина, 2018
193;Рыжк_клад;4,3;2,8;1,5;окремнелый известняк;Фузеина, 2018
194;Рыжк_клад;4;2,7;1,7;окремнелый известняк;Фузеина, 2018
195;Рыжк_клад;3,3;2;2,4;доломит;Фузеина, 2018
196;Рыжк_клад;4;2,2;2,4;кремень;Фузеина, 2018
197;Рыжк_клад;3,5;2,5;1,6;песчаник;Фузеина, 2018
198;Рыжк_клад;3,3;2,5;2,1;кремень;Фузеина, 2018
199;Рыжк_клад;4,1;3,8;2;окремнелый известняк;Фузеина, 2018
200;Рыжк_клад;1,9;1,9;1;кварцит;Фузеина, 2018
201;Рыжк_клад;3,5;2,8;1,5;окремнелый известняк;Фузеина, 2018
202;Рыжк_клад;4;3;2;кремень;Фузеина, 2018
203;Рыжк_клад;4;2,4;1;окремнелый известняк;Фузеина, 2018
204;Рыжк_клад;4,1;1,8;1,7;окремнелый известняк;Фузеина, 2018
205;Рыжк_клад;3,8;1,8;1,3;окремнелый известняк;Фузеина, 2018
206;Рыжк_клад;4;3;2;кремень;Фузеина, 2018
207;Рыжк_клад;3;1,4;1;кремень;Фузеина, 2018
208;Рыжк_клад;4,6;3;2,5;окремнелый известняк;Фузеина, 2018
209;Рыжк_клад;7;3;3;песчаник;Фузеина, 2018
210;Рыжк_клад;2,1;2,1;1,6;кремень;Фузеина, 2018
211;Рыжк_клад;2;1,6;1,3;кремень;Фузеина, 2018
212;Рыжк_клад;3,1;3;0,9;окремнелый известняк;Фузеина, 2018
213;Рыжк_клад;3;2,2;2;кремень;Фузеина, 2018
214;Рыжк_клад;3;2;0,8;кремень;Фузеина, 2018
215;Рыжк_клад;3;2,3;1;кварцит;Фузеина, 2018
216;Рыжк_клад;3;2,6;0,8;кремень;Фузеина, 2018
217;Рыжк_клад;2,7;2;1;песчаник;Фузеина, 2018
218;Рыжк_клад;2,1;2;1;гранит;Фузеина, 2018
219;Рыжк_клад;2,2;1,6;0,9;окремнелый известняк;Фузеина, 2018
220;Рыжк_клад;3;2,8;1;кальцит;Фузеина, 2018
221;Рыжк_клад;3,8;2,6;1,4;окремнелый известняк;Фузеина, 2018
222;Рыжк_клад;2,3;2,6;0,8;кремень;Фузеина, 2018
223;Рыжк_клад;3;1,5;1;кварцит;Фузеина, 2018
224;Рыжк_клад;3,4;2,1;1;окремнелый известняк;Фузеина, 2018
225;Рыжк_клад;3,9;2,3;1;кремень;Фузеина, 2018
226;Рыжк_клад;1,7;1,1;0,8;окремнелый известняк;Фузеина, 2018
227;Рыжк_клад;2,9;2,3;0,7;доломит;Фузеина, 2018
228;Рыжк_клад;0,4;0,3;0,3;гранит;Фузеина, 2018
229;Рыжк_клад;8,3;4;3,4;кремень;Фузеина, 2018
230;Рыжк_клад;6;4;4;окремнелый известняк;Фузеина, 2018
231;Рыжк_клад;4,6;3;1,1;окремнелый известняк;Фузеина, 2018
232;Рыжк_клад;5,2;4,6;3,7;окремнелый известняк;Фузеина, 2018
233;Рыжк_клад;5,8;3;1,8;окремнелый известняк;Фузеина, 2018
234;Рыжк_клад;3,5;2,5;1,4;кварцит;Фузеина, 2018
235;Рыжк_клад;6;4;1;кремень;Фузеина, 2018
236;Рыжк_клад;5,5;3;2;кремень;Фузеина, 2018
237;Рыжк_клад;5,3;2,6;2;окремнелый известняк;Фузеина, 2018
238;Рыжк_клад;5;3,1;2;окремнелый известняк;Фузеина, 2018
239;Рыжк_клад;4;2,6;0,5;песчаник;Фузеина, 2018
240;Рыжк_клад;2,7;2,4;2;кремень;Фузеина, 2018
241;Рыжк_клад;5;3,8;2,5;окремнелый известняк;Фузеина, 2018
242;Рыжк_клад;3,2;2,6;0,7;кварцит;Фузеина, 2018
243;Рыжк_клад;4;1,3;1;песчаник;Фузеина, 2018
244;Рыжк_клад;3,3;2,1;1,6;кварцит;Фузеина, 2018
245;Рыжк_клад;3,8;2,4;2;окремнелый известняк;Фузеина, 2018
246;Рыжк_клад;4;2,8;2,1;гранит;Фузеина, 2018
247;Рыжк_клад;4,2;2,7;2;кремень;Фузеина, 2018
248;Рыжк_клад;3,3;3;2;кремень;Фузеина, 2018
249;Рыжк_клад;4;1,6;1,1;окремнелый известняк;Фузеина, 2018
250;Рыжк_клад;3;2,7;2,3;окремнелый известняк;Фузеина, 2018
251;Рыжк_клад;6,1;4;0,7;кварцит;Фузеина, 2018
252;Рыжк_клад;3,8;2,8;1,5;кремень;Фузеина, 2018
253;Рыжк_клад;4;3,5;0,3;окремнелый известняк;Фузеина, 2018
254;Рыжк_клад;4;3;0,9;окремнелый известняк;Фузеина, 2018
255;Рыжк_клад;3,2;2,1;2;доломит;Фузеина, 2018
256;Рыжк_клад;3,3;3,7;1,2;кремень;Фузеина, 2018
257;Рыжк_клад;2,7;3,4;1,6;кремень;Фузеина, 2018
258;Рыжк_клад;3,4;2;1,4;окремнелый известняк;Фузеина, 2018
259;Рыжк_клад;6,6;3,6;2,6;доломит;Фузеина, 2018
260;Рыжк_клад;5,2;4,7;3,4;кремень;Фузеина, 2018
261;Рыжк_клад;4,5;3,4;3,3;кремень;Фузеина, 2018
262;Рыжк_клад;5,2;4,4;4,1;окремнелый известняк;Фузеина, 2018
263;Егоров;6,1;4,1;2,8;кремень;Фузеина, 2018
264;Егоров;5,4;5,2;2,5;известняк;Фузеина, 2018
265;Егоров;8;4,1;3,3;кремень;Фузеина, 2018
266;Егоров;5,3;4,5;3,3;известняк;Фузеина, 2018
267;Егоров;6;5,6;2,4;известняк;Фузеина, 2018
268;Егоров;4,1;2,4;1,1;кремень;Фузеина, 2018
269;Егоров;7,1;3,4;2,5;окремнелый известняк;Фузеина, 2018
270;Егоров;6,6;3;1,1;окремнелый известняк;Фузеина, 2018
271;Егоров;3,4;2,8;2;известняк;Фузеина, 2018
272;Егоров;4;2,5;1;кремень;Фузеина, 2018
273;Егоров;5,3;3;1,4;кремень;Фузеина, 2018
274;Егоров;5,5;4,5;2,3;окремнелый известняк;Фузеина, 2018
275;Егоров;6,7;4;2,5;кремень;Фузеина, 2018
276;Егоров;6,3;5,3;4;окремнелый известняк;Фузеина, 2018
277;Егоров;5,7;5,3;3;окремнелый известняк;Фузеина, 2018
278;Егоров;4;3;2,5;гранит;Фузеина, 2018
279;Егоров;4;3,4;2,1;кремень;Фузеина, 2018
280;Егоров;4,4;2,8;2,2;гранит;Фузеина, 2018
281;Егоров;5,1;3,3;2;кремень;Фузеина, 2018
282;Егоров;2;1,6;0,6;гранит;Фузеина, 2018
283;Егоров;3,5;2,6;1,8;известняк;Фузеина, 2018
284;Егоров;4,6;3,1;1,9;известняк;Фузеина, 2018
285;Егоров;7;4,1;2,5;известняк;Фузеина, 2018
286;Егоров;6;4,5;1;доломит;Фузеина, 2018
287;Егоров;2,6;2,4;1,3;известняк;Фузеина, 2018
288;Егоров;3;2;1,6;известняк;Фузеина, 2018
289;Егоров;5,1;4,6;2,6;кремень;Фузеина, 2018
290;Егоров;2,5;2,1;1,3;гранит;Фузеина, 2018
291;Егоров;4,1;3,1;2,2;кремень;Фузеина, 2018
292;Егоров;3,5;3;0,5;кремень;Фузеина, 2018
293;Егоров;2,1;2,5;2,2;гранит;Фузеина, 2018
294;Егоров;3,4;2,2;1,5;известняк;Фузеина, 2018
295;Егоров;4,6;2,8;1,5;кремень;Фузеина, 2018
296;Егоров;6,1;4,9;3,1;кремень;Фузеина, 2018
297;Егоров;5,4;3,8;1,6;известняк;Фузеина, 2018
298;Егоров;7,3;2,3;2,1;кремень;Фузеина, 2018
299;Егоров;3,5;3;2,1;гранит;Фузеина, 2018
300;Егоров;9;5,8;2,5;кремень;Фузеина, 2018
301;Егоров;5,1;3,8;1,4;известняк;Фузеина, 2018
302;Егоров;4,4;4,1;1,7;кремень;Фузеина, 2018
303;Егоров;5,3;4,2;1,5;известняк;Фузеина, 2018
304;Егоров;4;4;2,3;известняк;Фузеина, 2018
305;Егоров;2,3;3,1;2,5;кремень;Фузеина, 2018
306;Егоров;6,1;5,3;3,5;кремень;Фузеина, 2018
307;Егоров;4;2,3;3;кремень;Фузеина, 2018
308;Егоров;4,2;3,6;1,4;кремень;Фузеина, 2018
309;Егоров;4,6;4;4,5;кремень;Фузеина, 2018
310;Егоров;4,2;2,8;2,4;гранит;Фузеина, 2018
311;Егоров;8;4,8;4;кремень;Фузеина, 2018
312;Егоров;10;5;3;окремнелый известняк;Фузеина, 2018
313;Егоров;6;4;2;окремнелый известняк;Фузеина, 2018
314;Егоров;4,9;3,8;2,7;окремнелый известняк;Фузеина, 2018
315;Егоров;6,6;4;3;окремнелый известняк;Фузеина, 2018
316;Егоров;6;4;2,3;известняк;Фузеина, 2018
317;Егоров;5;3,4;2;окремнелый известняк;Фузеина, 2018
318;Егоров;3;1,5;1;кремень;Фузеина, 2018
319;Егоров;5;4;2,7;известняк;Фузеина, 2018
320;Егоров;6,7;3,6;1,8;окремнелый известняк;Фузеина, 2018
321;Егоров;3;2,5;2;песчаник;Фузеина, 2018
322;Егоров;5;3;2,4;известняк;Фузеина, 2018
323;Егоров;4;3,5;2,5;известняк;Фузеина, 2018
324;Егоров;3;2,1;1,3;гранит;Фузеина, 2018
325;Егоров;9,8;5,8;4,4;известняк;Фузеина, 2018
326;Егоров;3;2,4;1,4;окремнелый известняк;Фузеина, 2018
327;Егоров;3;2,4;1;гранит;Фузеина, 2018
328;Егоров;4,5;3,3;2;гранит;Фузеина, 2018
329;Егоров;3,5;2;4;известняк;Фузеина, 2018
330;Егоров;3;2,8;1,6;кремень;Фузеина, 2018
331;Егоров;4;4;1,3;кремень;Фузеина, 2018
332;Егоров;1,4;2,4;1,4;известняк;Фузеина, 2018
333;Егоров;6;3;1;кремень;Фузеина, 2018
334;Егоров;4;2;2;кремень;Фузеина, 2018
335;Егоров;4;2;1;гранит;Фузеина, 2018
336;Егоров;2,1;1,2;0,8;известняк;Фузеина, 2018
337;Егоров;4;3,5;2,1;известняк;Фузеина, 2018
338;Егоров;4;2,1;1,8;кремень;Фузеина, 2018
339;Егоров;6;4;2;известняк;Фузеина, 2018
340;Егоров;3,8;3;1,8;гранит;Фузеина, 2018
341;Егоров;5;4;2;гранит;Фузеина, 2018
342;Егоров;4;2;1,9;известняк;Фузеина, 2018
343;Егоров;5,1;4;1,7;известняк;Фузеина, 2018
344;Егоров;6,3;5;1,1;кремень;Фузеина, 2018
345;Егоров;5,1;2,2;1,4;известняк;Фузеина, 2018
346;Егоров;7,1;5;2,5;кремень;Фузеина, 2018
347;Егоров;6;3;2;мергель;Фузеина, 2018
348;Егоров;5;3;2;мергель;Фузеина, 2018
349;Егоров;3,4;2;1,5;гранит;Фузеина, 2018
350;Егоров;4,1;4;1;окремнелый известняк;Фузеина, 2018
351;Егоров;2,5;2,4;1,8;кремень;Фузеина, 2018
352;Егоров;3,4;1,3;1;окремнелый известняк;Фузеина, 2018
353;Егоров;4,5;3,3;1,4;окремнелый известняк;Фузеина, 2018
354;Егоров;1,5;2,1;1;известняк;Фузеина, 2018
355;Егоров;2,4;1,6;1,5;окремнелый известняк;Фузеина, 2018
356;Егоров;4;2;1,6;известняк;Фузеина, 2018
357;Егоров;3,4;2,5;1,6;известняк;Фузеина, 2018
358;Егоров;5;3;1,7;кремень;Фузеина, 2018
359;Егоров;4;3,4;1;песчаник;Фузеина, 2018
360;Егоров;3,6;2,5;0,7;мергель;Фузеина, 2018
361;Егоров;4;1,5;1;известняк;Фузеина, 2018
362;Егоров;4;1;1,1;окремнелый известняк;Фузеина, 2018
363;Волчий;7,5;5;4,5;известняк;Фузеина, 2018
364;Волчий;6;4;3;известняк;Фузеина, 2018
365;Волчий;5,4;4;2;известняк;Фузеина, 2018
366;Волчий;2,6;2,3;1,7;известняк;Фузеина, 2018
367;Волчий;3,2;2,6;1,3;песчаник;Фузеина, 2018
368;Волчий;2,7;2,4;1,6;известняк;Фузеина, 2018
369;Волчий;3,2;2,6;0,8;кремень;Фузеина, 2018
370;Волчий;5,6;5,3;3,4;известняк;Фузеина, 2018
371;Волчий;7,2;5;3,5;известняк;Фузеина, 2018
372;Волчий;4,2;3;1,1;кремень;Фузеина, 2018
373;Волчий;2,6;2,3;2,4;известняк;Фузеина, 2018
374;Волчий;3,8;3,1;1,3;доломит;Фузеина, 2018
375;Волчий;6,6;4,2;5,1;известняк;Фузеина, 2018
376;Волчий;2,7;2,3;2;кремень;Фузеина, 2018
377;Волчий;4,8;4,1;2,7;известняк;Фузеина, 2018
378;Волчий;3,9;2,7;1,8;гранит;Фузеина, 2018
379;Волчий;2,7;1,9;1,6;кремень;Фузеина, 2018
380;Волчий;5;3,6;1,8;доломит;Фузеина, 2018
381;Волчий;2,6;2;1,4;окремнелый известняк;Фузеина, 2018
382;Волчий;6;4;2,9;мергель;Фузеина, 2018
383;Волчий;4,6;2,9;2,6;кремень;Фузеина, 2018
384;Волчий;5,6;4,7;1,3;известняк;Фузеина, 2018
385;Волчий;5,4;4,1;2,8;известняк;Фузеина, 2018
386;Волчий;5,7;5,5;4,9;окремнелый известняк;Фузеина, 2018
387;Волчий;6,5;4,3;3,3;известняк;Фузеина, 2018
388;Волчий;5,1;3,9;1,5;окремнелый известняк;Фузеина, 2018
389;Волчий;3,3;2,8;2,1;окремнелый известняк;Фузеина, 2018
390;Волчий;3,4;3;2;известняк;Фузеина, 2018
391;Волчий;3;2,7;0,7;кремень;Фузеина, 2018
392;Волчий;7,3;5;2,8;песчаник;Фузеина, 2018
393;Волчий;6;3,8;2,1;кремень;Фузеина, 2018
394;Волчий;4,8;3,4;2,9;известняк;Фузеина, 2018
395;Волчий;4,5;4,6;1,9;окремнелый известняк;Фузеина, 2018
396;Волчий;5,6;4;2,2;известняк;Фузеина, 2018
397;Волчий;4,5;3;1,1;доломит;Фузеина, 2018
398;Волчий;3,3;2,7;1,2;окремнелый известняк;Фузеина, 2018
399;Волчий;4,6;4,1;2,3;кварцит;Фузеина, 2018
400;Волчий;4,5;2,1;2,1;кварцит;Фузеина, 2018
401;Волчий;3;2,7;1,8;известняк;Фузеина, 2018
402;Волчий;6,6;5,1;2,6;доломит;Фузеина, 2018
403;Волчий;3,1;1,8;1,1;кремень;Фузеина, 2018
404;Волчий;3,4;2,6;2,4;известняк;Фузеина, 2018
405;Волчий;1,3;2,3;1,3;окремнелый известняк;Фузеина, 2018
406;Волчий;2,5;2,2;1,3;известняк;Фузеина, 2018
407;Волчий;0,7;0,3;0,2;кремень;Фузеина, 2018
408;Волчий;2,6;1,7;1,6;окремнелый известняк;Фузеина, 2018
409;Волчий;4;2,5;2,3;кремень;Фузеина, 2018
410;Волчий;3;2;1;песчаник;Фузеина, 2018
411;Волчий;2,4;1,5;1,1;окремнелый известняк;Фузеина, 2018
412;Волчий;2,5;2;1;кремень;Фузеина, 2018
413;Волчий;4,8;3,6;2;кремень;Фузеина, 2018
414;Волчий;5,6;4,8;2,7;доломит;Фузеина, 2018
415;Волчий;4,6;3;1,2;кремень;Фузеина, 2018
416;Волчий;3;2,2;1,4;окремнелый известняк;Фузеина, 2018
417;Волчий;2,4;1,3;1,1;песчаник;Фузеина, 2018
418;Волчий;2,4;1,4;1;окремнелый известняк;Фузеина, 2018
419;Волчий;3;2;0,6;мергель;Фузеина, 2018
420;Волчий;1,8;1,1;0,7;песчаник;Фузеина, 2018
421;Волчий;2,4;1,8;1,1;мергель;Фузеина, 2018
422;Волчий;5,7;4,1;5,7;кремень;Фузеина, 2018
423;Волчий;3,6;2,3;0,9;окремнелый известняк;Фузеина, 2018
424;Волчий;3,3;2,7;1,8;доломит;Фузеина, 2018
425;Волчий;9;6,5;5,1;песчаник;Фузеина, 2018
426;Волчий;2,4;1,8;1,4;доломит;Фузеина, 2018
427;Волчий;5,6;5,3;3;доломит;Фузеина, 2018
428;Волчий;3;2,6;1;доломит;Фузеина, 2018
429;Волчий;5,3;4,9;2,4;доломит;Фузеина, 2018
430;Волчий;4,8;3;2,3;кварцит;Фузеина, 2018
431;Волчий;6,4;4,4;2,1;доломит;Фузеина, 2018
432;Волчий;3,8;2,9;1,3;песчаник;Фузеина, 2018
433;Волчий;5,6;4,8;3;окремнелый известняк;Фузеина, 2018
434;Волчий;3,1;3;2;окремнелый известняк;Фузеина, 2018
435;Волчий;5,6;3,4;1,5;окремнелый известняк;Фузеина, 2018
436;Волчий;1,9;2,1;1,8;кремень;Фузеина, 2018
437;Волчий;3,1;2;1,2;окремнелый известняк;Фузеина, 2018
438;Волчий;4,1;3,6;2,3;окремнелый известняк;Фузеина, 2018
439;Волчий;3,1;2,3;1,4;мергель;Фузеина, 2018
440;Волчий;6,6;4,4;1,3;кремень;Фузеина, 2018
441;Волчий;4;3,4;2,7;известняк;Фузеина, 2018
442;Волчий;5;3,2;2,7;известняк;Фузеина, 2018
443;Волчий;5;3;2;окремнелый известняк;Фузеина, 2018
444;Волчий;4;3;2,8;известняк;Фузеина, 2018
445;Волчий;6,4;3,3;2,8;известняк;Фузеина, 2018
446;Волчий;5,2;3,4;2,1;песчаник;Фузеина, 2018
447;Волчий;5,6;2,8;2,6;известняк;Фузеина, 2018
448;Волчий;4,7;4,5;3,5;кремень;Фузеина, 2018
449;Волчий;3,4;2,8;2,1;известняк;Фузеина, 2018
450;Волчий;3,5;2,8;2,4;доломит;Фузеина, 2018
451;Волчий;2,1;1,8;1,5;известняк;Фузеина, 2018
452;Волчий;3,4;3,4;2,2;кремень;Фузеина, 2018
453;Волчий;9;6,3;5,8;известняк;Фузеина, 2018
454;Волчий;7,2;6,1;4,5;кремень;Фузеина, 2018
455;Волчий;1,6;1,1;0,7;песчаник;Фузеина, 2018
456;Волчий;3,8;2,4;1,7;кремень;Фузеина, 2018
457;Волчий;5,4;3,4;2,2;гранит;Фузеина, 2018
458;Волчий;4,8;2,7;1,8;кремень;Фузеина, 2018
459;Волчий;6,3;5,7;3,2;доломит;Фузеина, 2018
460;Волчий;2,5;1,4;1;окремнелый известняк;Фузеина, 2018
461;Волчий;2,5;2,1;1,6;известняк;Фузеина, 2018
462;Волчий;1,8;0,7;0,3;кремень;Фузеина, 2018
463;Излучина;3,4;3;2;кремень;Фузеина, 2018
464;Излучина;4,6;1,8;1,4;окремнелый известняк;Фузеина, 2018
465;Излучина;4,3;2,4;1,5;известняк;Фузеина, 2018
466;Излучина;3,1;2,9;0,4;кремень;Фузеина, 2018
467;Излучина;4,3;4;0,5;известняк;Фузеина, 2018
468;Излучина;4,8;3;2,1;кремень;Фузеина, 2018
469;Излучина;2,3;2;1,1;мергель;Фузеина, 2018
470;Излучина;4,1;3,1;0,3;кремень;Фузеина, 2018
471;Излучина;3,4;2,7;1,4;окремнелый известняк;Фузеина, 2018
472;Излучина;7,6;4,4;3;известняк;Фузеина, 2018
473;Излучина;6,3;4,5;1,3;известняк;Фузеина, 2018
474;Излучина;6,6;4,8;2,1;кремень;Фузеина, 2018
475;Излучина;5;2,6;2;диабаз;Фузеина, 2018
476;Излучина;4,1;3,3;1,4;доломит;Фузеина, 2018
477;Излучина;6,6;5,4;3,4;доломит;Фузеина, 2018
478;Излучина;3,4;3,1;2,3;известняк;Фузеина, 2018
479;Излучина;5,1;4,5;3,1;доломит;Фузеина, 2018
480;Излучина;7,1;6;4,1;кремень;Фузеина, 2018
481;Излучина;4;3,5;2,1;кальцит;Фузеина, 2018
482;Излучина;3,8;3,4;1,5;известняк;Фузеина, 2018
483;Излучина;3;2,7;0,7;доломит;Фузеина, 2018
484;Излучина;4,8;3,1;2,4;доломит;Фузеина, 2018
485;Излучина;3,1;2,1;1,4;доломит;Фузеина, 2018
486;Излучина;4,6;4;2,1;доломит;Фузеина, 2018
487;Излучина;6,3;4,1;2,6;доломит;Фузеина, 2018
488;Излучина;5,6;3,4;2,6;гранит;Фузеина, 2018
489;Излучина;3,4;2,3;2;кремень;Фузеина, 2018
490;Излучина;6,6;5,2;3,4;кремень;Фузеина, 2018
491;Излучина;3,4;3,2;2;известняк;Фузеина, 2018
492;Излучина;6,1;4,3;2,3;кремень;Фузеина, 2018
493;Излучина;5;3,6;1,7;кремень;Фузеина, 2018
494;Излучина;6,6;5,2;3,3;доломит;Фузеина, 2018
495;Излучина;7;4,5;1;кварцит;Фузеина, 2018
496;Излучина;6;4;2;известняк;Фузеина, 2018
497;Излучина;5;4,5;3;травертин;Фузеина, 2018
498;Излучина;4;2,5;1,8;кальцит;Фузеина, 2018
499;Излучина;5;4;2,5;доломит;Фузеина, 2018
500;Излучина;4;3,6;3,4;кремень;Фузеина, 2018
501;Излучина;5,5;4;1,1;доломит;Фузеина, 2018
502;Излучина;3;2,4;1,7;кремень;Фузеина, 2018
503;Излучина;4;2,3;1,2;кремень;Фузеина, 2018
504;Излучина;4,3;3;2,8;кварцит;Фузеина, 2018
505;Излучина;4;3,5;2,1;доломит;Фузеина, 2018
506;Излучина;5,3;3;2,6;доломит;Фузеина, 2018
507;Излучина;3;2,4;2;кремень;Фузеина, 2018
508;Излучина;4;3;1,6;кварцит;Фузеина, 2018
509;Излучина;5,5;3,6;2,1;доломит;Фузеина, 2018
510;Излучина;6;4,5;2,1;доломит;Фузеина, 2018
511;Излучина;4;3;2;доломит;Фузеина, 2018
512;Излучина;4;2,7;2;окремнелый известняк;Фузеина, 2018
513;Излучина;4;4;2;окремнелый известняк;Фузеина, 2018
514;Излучина;7;3;2,4;окремнелый известняк;Фузеина, 2018
515;Излучина;3,1;2,8;2,3;мергель;Фузеина, 2018
516;Излучина;8;5,4;2,7;доломит;Фузеина, 2018
517;Излучина;3,2;2,4;1,8;доломит;Фузеина, 2018
518;Излучина;4;3,2;1,3;доломит;Фузеина, 2018
519;Излучина;5,3;4;2,2;доломит;Фузеина, 2018
520;Излучина;5,1;3,3;2,5;доломит;Фузеина, 2018
521;Излучина;5;4;2,5;кварцит;Фузеина, 2018
522;Излучина;2,6;1,3;1;кремень;Фузеина, 2018
523;Излучина;5,2;5;2,6;кремень;Фузеина, 2018
524;Излучина;6;4,5;3;кремень;Фузеина, 2018
525;Излучина;4,4;4;2;кремень;Фузеина, 2018
526;Излучина;5,5;3,1;2,2;кремень;Фузеина, 2018
527;Излучина;3;2,3;1,5;травертин;Фузеина, 2018
528;Излучина;4,8;3;1;кремень;Фузеина, 2018
529;Излучина;3;1,6;1,6;гранит;Фузеина, 2018
530;Излучина;4;2,8;1,7;известняк;Фузеина, 2018
531;Излучина;4;3;2;известняк;Фузеина, 2018
532;Излучина;4,8;2,5;1;известняк;Фузеина, 2018
533;Излучина;3;2,8;2,3;кремень;Фузеина, 2018
534;Излучина;4,1;2,8;1,3;кварцит;Фузеина, 2018
535;Излучина;5;2,6;1,8;кремень;Фузеина, 2018
536;Излучина;3,5;2,6;1,4;кремень;Фузеина, 2018
537;Излучина;3;1,8;0,5;кремень;Фузеина, 2018
538;Излучина;4,8;3,5;2,6;кремень;Фузеина, 2018
539;Излучина;4;3;1,7;известняк;Фузеина, 2018
540;Излучина;3,8;3,2;2,4;кальцит;Фузеина, 2018
541;Излучина;4;3;2;кремень;Фузеина, 2018
542;Излучина;4;3;1,3;кальцит;Фузеина, 2018
543;Излучина;5;4;3;кремень;Фузеина, 2018
544;Излучина;2,6;2,2;2;гранит;Фузеина, 2018
545;Излучина;4,8;3,9;1,6;кремень;Фузеина, 2018
546;Излучина;3,3;2,8;2,5;гранит;Фузеина, 2018
547;Излучина;3,5;2,3;2;кремень;Фузеина, 2018
548;Излучина;3;2;1,7;известняк;Фузеина, 2018
549;Излучина;4;3;2;известняк;Фузеина, 2018
550;Излучина;4;2,6;1,8;кремень;Фузеина, 2018
551;Излучина;2,4;1,8;1;известняк;Фузеина, 2018
552;Излучина;7,2;4;3,3;окремнелый известняк;Фузеина, 2018
553;Излучина;4;2,7;2;известняк;Фузеина, 2018
554;Излучина;5;3,5;2;песчаник;Фузеина, 2018
555;Излучина;4;3,3;2;травертин;Фузеина, 2018
556;Излучина;3;2;1,7;известняк;Фузеина, 2018
557;Излучина;4,6;4,6;2,2;гранит;Фузеина, 2018
558;Излучина;4;3,5;1,5;доломит;Фузеина, 2018
559;Излучина;5;3,4;2;доломит;Фузеина, 2018
560;Излучина;4;3;2,4;доломит;Фузеина, 2018
561;Излучина;3;2;1,6;доломит;Фузеина, 2018
562;Излучина;5,4;4,1;3,3;кремень;Фузеина, 2018
563;Язвицы;5;3,5;2,1;кремень;Фузеина, 2018
564;Язвицы;4;2,5;2;кремень;Фузеина, 2018
565;Язвицы;3,6;2,1;2;песчаник;Фузеина, 2018
566;Язвицы;9;6;5;кремень;Фузеина, 2018
567;Язвицы;6,6;5;3;кремень;Фузеина, 2018
568;Язвицы;5,1;4,6;2,1;доломит;Фузеина, 2018
569;Язвицы;5,3;4,7;3,3;гранит;Фузеина, 2018
570;Язвицы;4,1;3,6;2,7;кремень;Фузеина, 2018
571;Язвицы;8;4,6;3,6;песчаник;Фузеина, 2018
572;Язвицы;6;4,6;0,9;кремень;Фузеина, 2018
573;Язвицы;4,8;3,5;2,1;кремень;Фузеина, 2018
574;Язвицы;2,6;1,7;1,1;песчаник;Фузеина, 2018
575;Язвицы;6,1;4,2;3,3;кремень;Фузеина, 2018
576;Язвицы;6,3;5,4;2,5;окремнелый известняк;Фузеина, 2018
577;Язвицы;4;2,6;2,3;гранит;Фузеина, 2018
578;Язвицы;4,3;2,5;1,8;кремень;Фузеина, 2018
579;Язвицы;7,8;4,3;2,5;окремнелый известняк;Фузеина, 2018
580;Язвицы;7;5,6;3,6;кремень;Фузеина, 2018
581;Язвицы;3,8;3,3;1,4;кремень;Фузеина, 2018
582;Язвицы;5;3;1,7;кремень;Фузеина, 2018
583;Язвицы;2,8;2,4;0,4;кремень;Фузеина, 2018
584;Язвицы;4;2,6;1,6;кремень;Фузеина, 2018
585;Язвицы;4,5;4;1,3;кремень;Фузеина, 2018
586;Язвицы;6;5;2,5;окремнелый известняк;Фузеина, 2018
587;Язвицы;3;3;1;песчаник;Фузеина, 2018
588;Язвицы;6,3;5;1;окремнелый известняк;Фузеина, 2018
589;Язвицы;3,4;2,2;1,3;кварцит;Фузеина, 2018
590;Язвицы;3,6;3,4;1,8;окремнелый известняк;Фузеина, 2018
591;Язвицы;5,2;2,5;0,7;окремнелый известняк;Фузеина, 2018
592;Язвицы;4,8;4,5;2,3;кремень;Фузеина, 2018
593;Язвицы;4;2,8;2,8;кремень;Фузеина, 2018
594;Язвицы;6,3;4;3;окремнелый известняк;Фузеина, 2018
595;Язвицы;4,2;3,7;2,1;кремень;Фузеина, 2018
596;Язвицы;3,6;3,4;1,6;кремень;Фузеина, 2018
597;Язвицы;9;3,4;2,3;окремнелый известняк;Фузеина, 2018
598;Язвицы;6;3,5;3;окремнелый известняк;Фузеина, 2018
599;Язвицы;3;2,8;1,8;окремнелый известняк;Фузеина, 2018
600;Язвицы;7;4;1;кремень;Фузеина, 2018
601;Язвицы;4,5;2,4;1,6;гранит;Фузеина, 2018
602;Язвицы;5;4,6;2,1;окремнелый известняк;Фузеина, 2018
603;Язвицы;5,6;5;3,3;доломит;Фузеина, 2018
604;Язвицы;4;3,7;1;окремнелый известняк;Фузеина, 2018
605;Язвицы;5;1;0,6;кремень;Фузеина, 2018
606;Язвицы;2,6;2,2;1,6;окремнелый известняк;Фузеина, 2018
607;Язвицы;3,6;2,8;1,7;окремнелый известняк;Фузеина, 2018
608;Язвицы;3,5;3,1;1,4;окремнелый известняк;Фузеина, 2018
609;Язвицы;3,8;3;0,8;окремнелый известняк;Фузеина, 2018
610;Язвицы;3,5;2,8;1,4;кварцит;Фузеина, 2018
611;Язвицы;6;4,8;2;кремень;Фузеина, 2018
612;Язвицы;4,6;3,3;1,8;окремнелый известняк;Фузеина, 2018
613;Язвицы;4;3;2;окремнелый известняк;Фузеина, 2018
614;Язвицы;4;1,7;0,9;кварцит;Фузеина, 2018
615;Язвицы;2,3;1,6;0,7;гранит;Фузеина, 2018
616;Язвицы;3;2,8;1,3;кремень;Фузеина, 2018
617;Язвицы;3,3;2,6;1,6;кремень;Фузеина, 2018
618;Язвицы;4;3,7;1,4;окремнелый известняк;Фузеина, 2018
619;Язвицы;3,4;2,3;1,8;гранит;Фузеина, 2018
620;Язвицы;8,4;4,6;2,9;окремнелый известняк;Фузеина, 2018
621;Язвицы;8;4,3;2,7;окремнелый известняк;Фузеина, 2018
622;Язвицы;5,4;3,7;2;гранит;Фузеина, 2018
623;Язвицы;3,5;2,7;2;окремнелый известняк;Фузеина, 2018
624;Язвицы;5;4,8;1,3;кварцит;Фузеина, 2018
625;Язвицы;4,6;3,8;3,3;окремнелый известняк;Фузеина, 2018
626;Язвицы;3,8;2,8;2;кремень;Фузеина, 2018
627;Язвицы;3,3;2,5;1,4;кремень;Фузеина, 2018
628;Язвицы;3,7;3;2,2;окремнелый известняк;Фузеина, 2018
629;Язвицы;2,1;1,3;0,7;окремнелый известняк;Фузеина, 2018
630;Язвицы;7,7;4,5;2,1;кремень;Фузеина, 2018
631;Язвицы;8,8;5;1,6;окремнелый известняк;Фузеина, 2018
632;Язвицы;4,6;4,4;3,7;окремнелый известняк;Фузеина, 2018
633;Язвицы;6,6;4,7;2,3;гранит;Фузеина, 2018
634;Язвицы;4,5;2,7;1,3;окремнелый известняк;Фузеина, 2018
635;Язвицы;2;1,7;0,4;кремень;Фузеина, 2018
636;Язвицы;4,6;2,4;1,6;окремнелый известняк;Фузеина, 2018
637;Язвицы;4,5;2,7;1,3;кремень;Фузеина, 2018
638;Язвицы;4;3,3;2,1;песчаник;Фузеина, 2018
639;Язвицы;2,4;1,6;1,3;гранит;Фузеина, 2018
640;Язвицы;2,3;1,7;0,7;гранит;Фузеина, 2018
641;Язвицы;2,6;2,4;1,8;кварцит;Фузеина, 2018
642;Язвицы;4;3;2;кремень;Фузеина, 2018
643;Язвицы;6;5,4;3;окремнелый известняк;Фузеина, 2018
644;Язвицы;3,3;2,1;0,7;песчаник;Фузеина, 2018
645;Язвицы;5;2,9;1,3;кварцит;Фузеина, 2018
646;Язвицы;4,6;4;2,3;окремнелый известняк;Фузеина, 2018
647;Язвицы;2,4;2,2;2;окремнелый известняк;Фузеина, 2018
648;Язвицы;6;4,2;1,7;песчаник;Фузеина, 2018
649;Язвицы;5;3;1,7;кремень;Фузеина, 2018
650;Язвицы;7;3,7;3;гранит;Фузеина, 2018
651;Язвицы;3,2;2,5;2;кремень;Фузеина, 2018
652;Язвицы;5;4;2,1;кремень;Фузеина, 2018
653;Язвицы;3,7;2,7;1,4;кремень;Фузеина, 2018
654;Язвицы;4;3,2;2;окремнелый известняк;Фузеина, 2018
655;Язвицы;5,5;3,3;2,1;окремнелый известняк;Фузеина, 2018
656;Язвицы;6,1;4;2,3;окремнелый известняк;Фузеина, 2018
657;Язвицы;3,5;1,5;1,6;окремнелый известняк;Фузеина, 2018
658;Язвицы;1,8;1,1;1;известняк;Фузеина, 2018
659;Язвицы;3;2,2;1,7;кварцит;Фузеина, 2018
660;Язвицы;4;3;2,4;песчаник;Фузеина, 2018
661;Язвицы;2,4;1,3;1,1;песчаник;Фузеина, 2018
662;Язвицы;2;1,6;0,4;окремнелый известняк;Фузеина, 2018
663;Егоров;7,6;3,1;1,1;травертин;Панин, 2018
664;Егоров;3,5;3;1,5;мергель;Панин, 2018
665;Егоров;5,5;5,2;2,7;гранито-гнейс;Панин, 2018
666;Егоров;5,2;2,3;1,2;кремень;Панин, 2018
667;Егоров;5,4;3;1,1;песчаник;Панин, 2018
668;Егоров;6,6;5,1;1,5;кремень;Панин, 2018
669;Егоров;3,2;3;2,5;известняк;Панин, 2018
670;Егоров;4,2;2,2;2;известняк;Панин, 2018
671;Егоров;4,4;3,5;3;мергель;Панин, 2018
672;Егоров;4,7;4,4;3,3;шокс. Кварцит;Панин, 2018
673;Егоров;8;3;2,2;кремень;Панин, 2018
674;Егоров;3,5;3,3;2,5;доломит;Панин, 2018
675;Егоров;4;3,9;1,6;известняк;Панин, 2018
676;Егоров;6,5;4;3;кремень;Панин, 2018
677;Егоров;5,5;3,6;1,5;известняк;Панин, 2018
678;Егоров;6;4;3,6;кирпич;Панин, 2018
679;Егоров;4;2,7;1;кремень;Панин, 2018
680;Егоров;5,5;3;2,2;известняк;Панин, 2018
681;Егоров;3,3;2,7;1,2;шокс. Кварцит;Панин, 2018
682;Егоров;4;3,8;3;кремень;Панин, 2018
683;Егоров;7;3;2,7;гранито-диорит;Панин, 2018
684;Егоров;5;4;1,8;кирпич;Панин, 2018
685;Егоров;6;3;1,2;доломит;Панин, 2018
686;Егоров;5,2;4,1;1;известняк;Панин, 2018
687;Егоров;4,5;2,5;1,3;доломит;Панин, 2018
688;Егоров;4,2;2,6;1,4;доломит;Панин, 2018
689;Егоров;4;3,9;1,5;шокс. Кварцит;Панин, 2018
690;Егоров;3,5;3;1,1;кварцит;Панин, 2018
691;Егоров;2,5;2;1;известняк;Панин, 2018
692;Егоров;6;5,5;2;кремень;Панин, 2018
693;Егоров;5;4,3;0,8;кремень;Панин, 2018
694;Егоров;3,8;3;0,7;кварц;Панин, 2018
695;Егоров;2;1,6;1,5;кирпич;Панин, 2018
696;Егоров;4;2,5;1;мергель;Панин, 2018
697;Егоров;3,8;2,5;1,6;известняк;Панин, 2018
698;Егоров;4;3,8;1,2;известняк;Панин, 2018
699;Егоров;4;2,5;1,5;известняк;Панин, 2018
700;Егоров;5;3,5;1;доломит;Панин, 2018
701;Егоров;4,9;2,8;1,5;известняк;Панин, 2018
702;Егоров;3,5;1;0,7;мергель;Панин, 2018
703;Егоров;4;2,5;2;известняк;Панин, 2018
704;Егоров;3,9;3,8;1,5;доломит;Панин, 2018
705;Егоров;2,5;1,8;1;известняк;Панин, 2018
706;Егоров;2,4;2;0,5;доломит;Панин, 2018
707;Егоров;3;2;1,1;доломит;Панин, 2018
708;Егоров;5,1;3,4;2,3;доломит;Панин, 2018
709;Егоров;7,5;5,1;2,4;известняк;Панин, 2018
710;Егоров;4,3;3,5;2;доломит;Панин, 2018
711;Егоров;5;4,9;1;доломит;Панин, 2018
712;Егоров;5,9;3;1,4;доломит;Панин, 2018
713;Егоров;4,2;3,5;2,8;доломит;Панин, 2018
714;Егоров;5;3;2,1;доломит;Панин, 2018
715;Егоров;2,9;1,7;1,5;гранит;Панин, 2018
716;Егоров;3;2,1;0,8;доломит;Панин, 2018
717;Егоров;2,6;2,5;0,7;доломит;Панин, 2018
718;Егоров;3;2,8;0,8;кирпич;Панин, 2018
719;Егоров;3,5;2,7;1,7;доломит;Панин, 2018
720;Егоров;6,5;3,6;2,2;известняк;Панин, 2018
721;Егоров;5,8;3;2,4;известняк;Панин, 2018
722;Егоров;3;2,1;1,5;кремень;Панин, 2018
723;Егоров;5,5;3,5;1;известняк;Панин, 2018
724;Егоров;4,5;3,8;2,2;известняк;Панин, 2018
725;Егоров;3;2,5;1,5;известняк;Панин, 2018
726;Егоров;4,2;3,5;2;кварцит;Панин, 2018
727;Егоров;4,5;3,3;1,4;кремень;Панин, 2018
728;Егоров;4,2;3,6;1,7;доломит;Панин, 2018
729;Егоров;3,6;3;1;доломит;Панин, 2018
730;Егоров;4;3,1;2,2;доломит;Панин, 2018
731;Егоров;3,5;3;1,5;кремень;Панин, 2018
732;Егоров;3,7;2;1;доломит;Панин, 2018
733;Егоров;2,2;1,5;1,4;доломит;Панин, 2018
734;Егоров;5;2,6;2,5;доломит;Панин, 2018
735;Егоров;4,3;3,2;1;доломит;Панин, 2018
736;Егоров;4,2;3;1,4;кремень;Панин, 2018
737;Егоров;4;3,1;1,5;кварцит;Панин, 2018
738;Егоров;3,2;2,1;1,7;доломит;Панин, 2018
739;Егоров;4,5;2,4;0,6;известняк;Панин, 2018
740;Егоров;3,5;2,7;1,5;шокс. Кварцит;Панин, 2018
741;Егоров;4;2,9;1,5;кремень;Панин, 2018
742;Егоров;2;1,7;1;доломит;Панин, 2018
743;Егоров;4,5;3,2;2,4;кремень;Панин, 2018
744;Егоров;3,9;2,5;0,5;известняк;Панин, 2018
745;Егоров;4,1;3,3;2,5;известняк;Панин, 2018
746;Егоров;5;4,5;2,2;кремень;Панин, 2018
747;Егоров;6,2;3,1;1,2;доломит;Панин, 2018
748;Егоров;3,5;2,1;1,4;доломит;Панин, 2018
749;Егоров;4,9;3,3;2;кремень;Панин, 2018
750;Егоров;4,5;4;1,4;доломит;Панин, 2018
751;Егоров;4,5;3,2;2,9;доломит;Панин, 2018
752;Егоров;5,1;4;2;кремень;Панин, 2018
753;Егоров;4,9;3,5;1;доломит;Панин, 2018
754;Егоров;4,5;2,6;0,9;известняк;Панин, 2018
755;Егоров;4,6;3,9;0,7;доломит;Панин, 2018
756;Егоров;2,9;2;1;доломит;Панин, 2018
757;Егоров;6,1;3,4;2,9;кирпич;Панин, 2018
758;Егоров;3,7;3,5;2;кремень;Панин, 2018
759;Егоров;5;2,9;1,7;доломит;Панин, 2018
760;Егоров;4,3;2;1,1;алевролит;Панин, 2018
761;Егоров;2,9;2;0,4;известняк;Панин, 2018
762;Егоров;4;3,6;0,7;известняк;Панин, 2018
763;Егоров;4;3,5;0,9;доломит;Панин, 2018
764;Егоров;2,5;2,1;1,1;шокс. Кварцит;Панин, 2018
765;Егоров;2;1,2;0,5;габбро;Панин, 2018
766;Егоров;2,1;1,8;0,4;доломит;Панин, 2018
767;Егоров;2;1,9;0,9;кремень;Панин, 2018
768;Егоров;3,9;3,1;2,5;известняк;Панин, 2018
769;Егоров;5;3,5;3,2;шокс. Кварцит;Панин, 2018
770;Егоров;3;2,2;2;кварцит;Панин, 2018
771;Егоров;5;2;1,8;доломит;Панин, 2018
772;Егоров;4,7;2;1,5;кремень;Панин, 2018
773;Егоров;4;3;2,5;известняк;Панин, 2018
774;Егоров;3,2;2,2;1,3;доломит;Панин, 2018
775;Егоров;3,3;2;1;известняк;Панин, 2018
776;Егоров;4,5;3,9;1,1;доломит;Панин, 2018
777;Егоров;4;3;1,6;известняк;Панин, 2018
778;Егоров;4;2,5;2;кремень;Панин, 2018
779;Егоров;6,1;4,2;1,5;известняк;Панин, 2018
780;Егоров;2,1;1,7;1;мергель;Панин, 2018
781;Егоров;3,5;2,5;1,1;доломит;Панин, 2018
782;Егоров;3,5;2,4;1,8;доломит;Панин, 2018
783;Егоров;4,9;4;1,3;кремень;Панин, 2018
784;Егоров;4,5;3;1;известняк;Панин, 2018
785;Егоров;5,2;3,3;2,5;доломит;Панин, 2018
786;Егоров;3;2,6;1,5;травертин;Панин, 2018
787;Егоров;5,5;3,6;2,4;доломит;Панин, 2018
788;Егоров;4;3,1;0,9;доломит;Панин, 2018
789;Егоров;2,5;2,1;1,9;доломит;Панин, 2018
790;Егоров;3,5;2,9;1,2;известняк;Панин, 2018
791;Егоров;4,2;2,6;2,1;доломит;Панин, 2018
792;Егоров;2,1;1,2;1,1;известняк;Панин, 2018
793;Егоров;3,4;2,5;1,4;гранит-пегматит;Панин, 2018
794;Егоров;3,1;2;1;кальцит;Панин, 2018
795;Егоров;3,7;2,5;1,9;доломит;Панин, 2018
796;Егоров;3,5;2,7;1;известняк;Панин, 2018
797;Егоров;3,1;3;1,1;кремень;Панин, 2018
798;Егоров;3,6;2;0,9;шокс. Кварцит;Панин, 2018
799;Егоров;3,9;2,1;1;мергель;Панин, 2018
800;Егоров;2,1;1,9;0,9;известняк;Панин, 2018
801;Егоров;2,9;1,2;1;гранит-пегматит;Панин, 2018
802;Егоров;2,4;1,1;0,9;известняк;Панин, 2018
803;Егоров;3;2,1;1,5;кварцит;Панин, 2018
804;Егоров;3,5;2,2;1,1;доломит;Панин, 2018
805;Егоров;3,3;2,2;1,4;известняк;Панин, 2018
806;Егоров;2,1;1,5;1;кремень;Панин, 2018
807;Егоров;2,4;2,3;1,5;известняк;Панин, 2018
808;Егоров;1,2;1,1;0,4;мергель;Панин, 2018
809;Егоров;3,9;3;1,1;кремень;Панин, 2018
810;Егоров;3;2,5;1,2;габбро;Панин, 2018
810;Пойма;5,1;2,1;2;известняк;Панин, 2018
810;Пойма;4,4;2;1,9;кремень;Панин, 2018
810;Пойма;3,8;3,5;1,5;кремень;Панин, 2018
810;Пойма;4,2;3;2;кремень;Панин, 2018
810;Пойма;3;2,1;1;кремень;Панин, 2018
810;Пойма;2,9;1,9;1,1;кремень;Панин, 2018
810;Пойма;3,5;2,9;1;шокш. Кварцит;Панин, 2018
810;Пойма;4,1;2,5;2;кремень;Панин, 2018
810;Пойма;4;2,4;2,1;кремень;Панин, 2018
810;Пойма;3,9;3;2,1;кремень;Панин, 2018
810;Пойма;3;2,1;1,5;известняк;Панин, 2018
810;Пойма;3,4;3,3;1,4;кварцит;Панин, 2018
810;Пойма;3,1;1,9;1,8;кварцит;Панин, 2018
810;Пойма;4,5;4,2;3;кварцит;Панин, 2018
810;Пойма;3;2;1;кремень;Панин, 2018
810;Пойма;5;3,4;2;гранит;Панин, 2018
810;Пойма;3,5;2,1;1,5;гранит;Панин, 2018
810;Пойма;4,5;3;2;известняк;Панин, 2018
810;Пойма;4,1;2,5;1,9;кремень;Панин, 2018
810;Пойма;4,2;3,5;1,8;кварцит;Панин, 2018
810;Пойма;3,5;2,4;0,3;кремень;Панин, 2018
810;Пойма;4;2,5;1;известняк;Панин, 2018
810;Пойма;4;2,4;1,4;известняк;Панин, 2018
810;Пойма;3,8;2,5;1;известняк;Панин, 2018
810;Пойма;5;3;1,3;известняк;Панин, 2018
810;Пойма;3;2,5;2,4;известняк;Панин, 2018
810;Пойма;4;3,3;1;известняк;Панин, 2018
810;Пойма;5,1;3,5;3;известняк;Панин, 2018
810;Пойма;3,7;2,4;2,3;кварцит;Панин, 2018
810;Пойма;4,1;2,4;0,7;гранит;Панин, 2018
810;Пойма;3,4;3,9;0,9;известняк;Панин, 2018
810;Пойма;5;3,9;0,7;известняк;Панин, 2018
810;Пойма;5,1;3,6;1;известняк;Панин, 2018
810;Пойма;3;3,5;2,1;кремень;Панин, 2018
810;Пойма;4,1;2;0,5;кремень;Панин, 2018
810;Пойма;3,5;2,9;1,8;известняк;Панин, 2018
810;Пойма;3;2,6;1;кремень;Панин, 2018
810;Пойма;3,9;2,7;0,9;известняк;Панин, 2018
810;Пойма;3,4;2,7;1;кремень;Панин, 2018
810;Пойма;5,5;3;0,9;кварцит;Панин, 2018
810;Пойма;3,5;3;1;кремень;Панин, 2018
810;Пойма;3,4;2;11;известняк;Панин, 2018
810;Пойма;3,1;3;1,9;кремень;Панин, 2018
810;Пойма;4,1;2;1,5;кварцит;Панин, 2018
810;Пойма;2,6;1,5;1;кварцит;Панин, 2018
810;Пойма;2,5;1,8;1,1;известняк;Панин, 2018
810;Пойма;4,6;3;1;кварцит;Панин, 2018
810;Пойма;4,2;4;2;кремень;Панин, 2018
810;Пойма;3,5;3;2,6;гранит;Панин, 2018
810;Пойма;4,6;3,5;3;кремень;Панин, 2018
810;Пойма;4,2;3;1,5;габбро;Панин, 2018
810;Пойма;5,3;2,9;2;кварцит;Панин, 2018
810;Пойма;4,1;2,5;2,4;кремень;Панин, 2018
810;Пойма;3,2;2,6;2,5;кварцит;Панин, 2018
810;Пойма;4,6;2,9;2;кремень;Панин, 2018
810;Пойма;3;2;1,1;известняк;Панин, 2018
810;Пойма;5,1;3;2,1;кварцит;Панин, 2018
810;Пойма;4;2,5;2;известняк;Панин, 2018
810;Пойма;3,5;2,6;0,8;кремень;Панин, 2018
810;Пойма;3;2,5;1,5;кварцит;Панин, 2018
810;Пойма;3,5;2,8;1,1;кремень;Панин, 2018
810;Пойма;3,5;2,4;2,1;гранит;Панин, 2018
810;Пойма;3;2,1;1,5;кремень;Панин, 2018
810;Пойма;2,5;2,4;1,6;известняк;Панин, 2018
810;Пойма;3,5;2,4;1;кремень;Панин, 2018
810;Пойма;4;2;1;известняк;Панин, 2018
810;Пойма;2,5;2,5;1,3;кремень;Панин, 2018
810;Пойма;2,8;1,7;2;кварцит;Панин, 2018
810;Пойма;5,4;2;1,9;кремень;Панин, 2018
810;Пойма;4,5;2,1;1,2;кремень;Панин, 2018
810;Пойма;2;2,8;0,6;известняк;Панин, 2018
810;Пойма;3;2,3;0,8;кремень;Панин, 2018
810;Пойма;4;3,6;1,5;кремень;Панин, 2018
810;Пойма;3,5;2,5;1;известняк;Панин, 2018
810;Пойма;3,3;2,4;2;кремень;Панин, 2018
810;Пойма;5;4,5;1,2;известняк;Панин, 2018
810;Пойма;5;1,5;1;кремень;Панин, 2018
810;Пойма;3,9;3,5;2;известняк;Панин, 2018
810;Пойма;3,5;3;1,5;кремень;Панин, 2018
810;Пойма;5,1;4;1;кремень;Панин, 2018
810;Пойма;4;3,5;2,5;известняк;Панин, 2018
810;Пойма;4;3,5;2;кремень;Панин, 2018
810;Пойма;3,5;3;2;кремень;Панин, 2018
810;Пойма;4,5;3;1,5;известняк;Панин, 2018
810;Пойма;3,5;3;1;кремень;Панин, 2018
810;Пойма;4;3,5;2;гранит;Панин, 2018
810;Пойма;4;2;1,8;кремень;Панин, 2018
810;Пойма;3;3;1,8;гранит;Панин, 2018
810;Пойма;4;3,6;2;известняк;Панин, 2018
810;Пойма;4,5;2,5;1,7;кремень;Панин, 2018
810;Пойма;3,5;2,6;1,6;кремень;Панин, 2018
810;Пойма;3,4;3;1,8;доломит;Панин, 2018
810;Пойма;4;3,6;2,1;кремень;Панин, 2018
810;Пойма;4,1;2,4;1,7;кремень;Панин, 2018
810;Пойма;3,5;2,2;1,1;кремень;Панин, 2018
810;Пойма;3,2;2,2;1,6;кремень;Панин, 2018
810;Пойма;4,1;3,1;2,3;известняк;Панин, 2018
810;Пойма;2,2;2;1,8;гранит;Панин, 2018
810;Пойма;3,6;2,7;0,9;известняк;Панин, 2018
810;Пойма;4,5;2,7;0,7;известняк;Панин, 2018
810;Пойма;4,6;4,2;0,6;кремень;Панин, 2018
810;Пойма;3,2;2,7;1,4;известняк;Панин, 2018
810;Пойма;2,9;2,4;1,1;кремень;Панин, 2018
810;Пойма;3,2;2,7;1,2;кремень;Панин, 2018
810;Пойма;4,5;2,9;1,3;кремень;Панин, 2018
810;Пойма;3,7;2,1;1,2;доломит;Панин, 2018
810;Пойма;2,6;3,2;2,2;кремень;Панин, 2018
810;Пойма;2,8;3,1;1,4;кремень;Панин, 2018
810;Пойма;3,6;1,5;1,5;кварцит;Панин, 2018
810;Пойма;3,6;2,3;1,6;известняк;Панин, 2018
810;Пойма;3,2;2,6;1,1;гранит;Панин, 2018
810;Пойма;2,8;2;1,1;кремень;Панин, 2018
810;Пойма;4,2;2,3;1,2;кварцит;Панин, 2018
810;Пойма;2,5;2,1;0,6;кремень;Панин, 2018
810;Пойма;3,6;2,6;2,1;кремень;Панин, 2018
810;Пойма;2,5;2,6;2;шокш. Кварцит;Панин, 2018
810;Пойма;3,6;1,6;1,3;кремень;Панин, 2018
810;Пойма;2,5;1,5;1,2;известняк;Панин, 2018
810;Пойма;2,6;1,8;1,1;известняк;Панин, 2018
810;Пойма;2,4;1,9;1,5;известняк;Панин, 2018
810;Пойма;2,5;2,5;1,5;доломит;Панин, 2018
810;Пойма;2;2,7;0,5;известняк;Панин, 2018
810;Пойма;3;2,5;1,4;мергель;Панин, 2018
810;Пойма;3;2,7;0,7;известняк;Панин, 2018
810;Пойма;3,1;2;1,8;кремень;Панин, 2018
